study_hours,sleep_hours,screen_time,mood,previous_score,future_score
6.5,7.8,3.2,focused,65.0,88.5
8.0,8.0,2.0,focused,72.0,92.1
3.0,5.5,6.0,tired,45.0,38.2
7.5,6.0,5.5,stressed,55.0,52.1
5.5,7.5,3.5,balanced,58.0,72.3
9.0,7.5,1.5,focused,78.0,94.2
4.0,6.0,5.0,tired,48.0,42.5
6.0,7.0,4.0,balanced,60.0,68.9
7.0,8.0,2.5,focused,70.0,89.3
5.0,5.5,6.5,stressed,50.0,45.8
8.5,8.0,1.5,focused,75.0,95.1
3.5,6.0,6.5,tired,42.0,35.3
6.0,7.5,3.5,balanced,62.0,75.2
7.5,7.0,3.0,focused,68.0,86.7
4.5,6.5,5.5,stressed,52.0,48.6
9.0,8.5,1.0,focused,80.0,97.2
2.5,5.0,7.0,tired,38.0,28.5
5.5,7.0,4.0,balanced,59.0,70.1
8.0,7.5,2.5,focused,73.0,91.5
3.0,6.0,6.0,tired,44.0,36.8
6.5,7.8,3.2,focused,65.0,88.5
7.0,8.0,2.0,focused,71.0,90.5
4.0,6.5,5.5,tired,47.0,41.2
6.5,7.5,3.0,balanced,61.0,73.5
8.0,8.0,2.5,focused,74.0,92.8
5.0,6.0,5.0,stressed,51.0,46.5
7.5,7.5,3.5,focused,69.0,87.9
3.5,5.5,6.0,tired,43.0,37.5
6.0,7.0,4.0,balanced,60.0,69.3
8.5,8.0,1.5,focused,76.0,94.5
4.5,6.0,6.0,stressed,49.0,44.2
7.0,7.5,3.0,focused,67.0,85.3
5.5,7.0,4.5,balanced,59.0,68.5
6.5,8.0,3.5,focused,66.0,89.1
3.0,5.5,6.5,tired,40.0,33.7
8.0,7.5,2.0,focused,72.0,91.2
4.0,6.5,5.5,stressed,50.0,43.8
6.0,7.5,3.5,balanced,61.0,74.5
7.5,8.0,2.5,focused,70.0,88.7
5.0,6.5,5.0,tired,46.0,40.2
